<tableau_formes><forme type="LIGNE" epaisseur_trait="2" couleur_trait="java.awt.Color[r=0,g=0,b=0]" couleur_remplissage="java.awt.Color[r=0,g=0,b=0]" x1="176" x2="469" y1="126" y2="414"></forme><forme type="LIGNE" epaisseur_trait="2" couleur_trait="java.awt.Color[r=0,g=0,b=0]" couleur_remplissage="java.awt.Color[r=0,g=0,b=0]" x1="421" x2="656" y1="138" y2="301"></forme><forme type="LIGNE" epaisseur_trait="2" couleur_trait="java.awt.Color[r=0,g=0,b=0]" couleur_remplissage="java.awt.Color[r=0,g=0,b=0]" x1="312" x2="511" y1="162" y2="349"></forme><forme type="RECTANGLE" epaisseur_trait="2" couleur_trait="java.awt.Color[r=0,g=0,b=0]" couleur_remplissage="java.awt.Color[r=0,g=0,b=0]" x1="187" x2="401" y1="276" y2="506"></forme><forme type="RECTANGLE" epaisseur_trait="2" couleur_trait="java.awt.Color[r=0,g=0,b=0]" couleur_remplissage="java.awt.Color[r=0,g=0,b=0]" x1="112" x2="203" y1="53" y2="116"></forme><forme type="RECTANGLE" epaisseur_trait="2" couleur_trait="java.awt.Color[r=0,g=0,b=0]" couleur_remplissage="java.awt.Color[r=0,g=0,b=0]" x1="584" x2="689" y1="76" y2="134"></forme><forme type="RECTANGLE" epaisseur_trait="2" couleur_trait="java.awt.Color[r=0,g=0,b=0]" couleur_remplissage="java.awt.Color[r=0,g=0,b=0]" x1="804" x2="861" y1="290" y2="364"></forme></tableau_formes>